ID,Week,Date,Day,Channel,Voice,Working Title,Pillar,Source,Anchor Client,Status,Draft File,Approver,Approval Date,Notes
M1-001,1,2026-06-08,Mon,LinkedIn-Founder,Carlos Leal,"Vacancy up in Canada: the lever you control is leasing speed",1,Signal N1 (Yardi Q1 2026),TEREZ,DRAFT,output/2026-06-08/linkedin-carlos-vacancia-mercado-canadiense.md,Carlos Leal,,Pending Carlos sign-off
M1-002,1,2026-06-09,Tue,LinkedIn-Company,Company,"Calgary at 7.3% vacancy: what changes inside the leasing team",1,Signal N1 (Yardi Q1 2026),TEREZ,PLANNED,,Walter (then Juan/Carlos read),,Institutional version of the Mon Carlos angle
M1-003,1,2026-06-10,Wed,Blog,Company/Carlos,"What to do when vacancy rises and rents fall: the lever you do control",1,Signal N1 (Yardi Q1 2026),TEREZ,PLANNED,,Walter,,Was in original calendar; never drafted
M1-004,1,2026-06-10,Wed,Image-Brief,Walter (art direction),"Hero: 5.1% Canada vacancy + Calgary 7.3% (Source: Yardi Q1 2026)",1,Signal N1 (Yardi Q1 2026),n/a,PLANNED,,Walter,,Asset for M1-003 blog; also reusable for M1-001/002
M1-005,1,2026-06-11,Thu,LinkedIn-Company,Company,"Operators are consolidating to centralised leasing teams (onboarding guide)",1,Onboarding guide + industry,n/a,PLANNED,,Walter,,
M1-006,1,2026-06-12,Fri,LinkedIn-Founder,Carlos Leal,"Founder reflection: building for a cooling market",1,Signal N1 (Yardi Q1 2026),TEREZ,DRAFT,output/2026-06-08/linkedin-carlos-construir-mercado-frio.md,Carlos Leal,,Pending Carlos sign-off
M1-007,2,2026-06-15,Mon,LinkedIn-Founder,Juan Leal,"80% of what a prospect asks before booking a tour is predictable",2,Signal N3 (Propmodo Mar 2026),Goldwynn,QA-OK,output/2026-06-17/linkedin-juan-liza-80-percent-predictable.md,Juan Leal,,"Drafted today (Jun 17); resolves duplicate of 2026-06-08 file"
M1-008,2,2026-06-16,Tue,LinkedIn-Company,Company,"94% of operators adopt AI in 2026 (Frontdesk Research State of Multifamily AI)",2,Signal N5 (Frontdesk 2026),n/a,PLANNED,,Walter,,Industry milestone post
M1-009,2,2026-06-17,Wed,Blog,Company/Juan,"Direct Facebook Marketplace syndication: stop posting one listing at a time",3,Backlog (FB Marketplace launch),Apartment Hub,QA-OK,output/2026-06-17/blog-facebook-marketplace-direct-syndication.md,Walter,,Repressed backlog launch
M1-010,2,2026-06-17,Wed,Image-Brief,Walter (art direction),"Hero + LinkedIn carousel: FB syndication (after-hours data hero on slide 1)",3,Backlog,Apartment Hub,PLANNED,,Walter,,Asset for M1-009 blog + LI promo
M1-011,2,2026-06-18,Thu,LinkedIn-Company,Company,"70% of rental prospects search after hours (ShowMojo): why that matters for FB Marketplace",3,Industry (ShowMojo),n/a,PLANNED,,Walter,,Cross-promotes M1-009 blog
M1-012,2,2026-06-19,Fri,Reddit-Ext (r/RealEstateTechnology),Juan Leal,"I built direct Facebook Marketplace syndication for property managers (one of the Leasey founders)",3,Backlog (FB Marketplace launch),Apartment Hub,PLANNED,,Juan Leal,,"Read context/reddit-voice-reference.md before drafting; ""I built X"" pattern; mention honest limits"
M1-013,2,2026-06-19,Fri,LinkedIn-Founder,Carlos Leal,"Handle Facebook Marketplace volume without opening Facebook",3,Backlog (FB Marketplace launch),Apartment Hub,QA-OK,output/2026-06-17/linkedin-carlos-facebook-marketplace-quieter-way.md,Carlos Leal,,
M1-014,3,2026-06-22,Mon,LinkedIn-Founder,Juan Leal,"A chat widget is not a leasing agent",2,Signal N2 + N5,(product-led),QA-OK,output/2026-06-17/linkedin-juan-widget-vs-agent.md,Juan Leal,,
M1-015,3,2026-06-23,Tue,LinkedIn-Company,Company,"Integration is the #1 adoption barrier in multifamily PropTech (Propmodo 2026)",3,Signal N6 (Propmodo 2026),Three Shores,PLANNED,,Walter,,
M1-016,3,2026-06-24,Wed,Blog,Company/Juan,"Scheduling alone vs end-to-end leasing: where the leaks really happen",3,Signal N2 + N6,Three Shores,QA-OK,output/2026-06-17/blog-scheduling-vs-end-to-end-leasing.md,Walter,,Honest differentiation post; verify if Walter wants ShowMojo named
M1-017,3,2026-06-24,Wed,Image-Brief,Walter (art direction),"Funnel diagram: scheduling-only tool vs Leasey end-to-end (4 segments)",3,Signal N2 + N6,Three Shores,PLANNED,,Walter,,Asset for M1-016 blog
M1-018,3,2026-06-25,Thu,Blog-Renter,Company (renter voice),"Moving to Calgary in 2026: rents, neighbourhoods, and what every newcomer should know",n/a,Evergreen / B2C,n/a,PLANNED,,Walter,,First B2C blog of the quarter; soft CTA only; data: rent ranges + neighbourhood snapshots
M1-019,3,2026-06-26,Fri,LinkedIn-Founder,Carlos Leal,"Founder reflection: why we did not build just a scheduler",3,Signal N2 + N6,Three Shores + QuadReal/Aquilini past,QA-OK,output/2026-06-17/linkedin-carlos-founder-reflection-not-just-scheduler.md,Carlos Leal,,
M1-020,4,2026-06-29,Mon,LinkedIn-Founder,Carlos Leal,"65% of residents prefer digital leasing (industry signal)",2,Signal N3 (industry / Propmodo Mar 2026),Goldwynn,PLANNED,,Carlos Leal,,
M1-021,4,2026-06-30,Tue,Press-Release,Press (Walter draft + Juan quote),"Leasey.AI integrates SingleKey for Canadian tenant screening",4,Backlog (Partnership),TEREZ,PLANNED,,Walter + Juan quote,,Confirm Canadian-first framing with marketing; needs partner quote
M1-022,4,2026-07-01,Wed,Blog,Company/Juan,"Centralised messaging: every lead conversation in one thread (backlog launch)",3,Backlog (Centralised messaging launch),Three Shores,PLANNED,,Walter,,Repressed backlog launch
M1-023,4,2026-07-01,Wed,Image-Brief,Walter (art direction),"Hero: unified inbox mock with Marketplace + Zillow + email lead tags",3,Backlog,Three Shores,PLANNED,,Walter,,Asset for M1-022 blog
M1-024,4,2026-07-02,Thu,LinkedIn-Company,Company,"SingleKey is live inside Leasey.AI for Canadian operators",4,Backlog (Partnership),TEREZ,PLANNED,,Walter,,Companion to M1-021 PR
M1-025,4,2026-07-02,Thu,Reddit (r/LeaseyAI),Walter (changelog),"Leasey.AI Calendar View v2.0 — split layout + overlap tooltips",n/a,Reddit backlog (Ivan draft),n/a,PLANNED,,Walter,,Use Ivan's existing Reddit draft if available
M1-026,4,2026-07-03,Fri,LinkedIn-Founder,Juan Leal,"Product moment: the whole lead conversation in one thread",3,Backlog (Centralised messaging),Three Shores,PLANNED,,Juan Leal,,
