Month,Week,Date,Day,Channel,Voice,Working Title,Pillar,Status,Doc Link
1,1,2026-06-08,Mon,LinkedIn-Founder,Carlos Leal,Vacancy up in Canada: the lever you control is leasing speed,1,,
1,1,2026-06-09,Tue,LinkedIn-Company,Company,Calgary at 7.3% vacancy: what changes inside the leasing team,1,,
1,1,2026-06-10,Wed,Blog,Company/Carlos,What to do when vacancy rises and rents fall: the lever you do control,1,,
1,1,2026-06-11,Thu,LinkedIn-Company,Company,Operators are consolidating to centralised leasing teams,1,,
1,1,2026-06-12,Fri,LinkedIn-Founder,Carlos Leal,Founder reflection: building for a cooling market,1,,
1,2,2026-06-15,Mon,LinkedIn-Founder,Juan Leal,80% of what a prospect asks before booking a tour is predictable,2,,
1,2,2026-06-16,Tue,LinkedIn-Company,Company,94% of operators adopt AI in 2026 (Frontdesk Research),2,,
1,2,2026-06-17,Wed,Blog,Company/Juan,Direct Facebook Marketplace syndication: stop posting one listing at a time,3,,
1,2,2026-06-18,Thu,LinkedIn-Company,Company,70% of rental prospects search after hours: why that matters for Facebook Marketplace,3,,
1,2,2026-06-19,Fri,Reddit-Ext (r/RealEstateTechnology),Juan Leal,I built direct Facebook Marketplace syndication for property managers (Leasey.AI founder),3,,
1,2,2026-06-19,Fri,LinkedIn-Founder,Carlos Leal,Handle Facebook Marketplace volume without opening Facebook,3,,
1,3,2026-06-22,Mon,LinkedIn-Founder,Juan Leal,A chat widget is not a leasing agent,2,,
1,3,2026-06-23,Tue,LinkedIn-Company,Company,Integration is the #1 adoption barrier in multifamily PropTech (Propmodo 2026),3,,
1,3,2026-06-24,Wed,Blog,Company/Juan,Scheduling alone vs end-to-end leasing: where the leaks really happen,3,,
1,3,2026-06-25,Thu,Blog-Renter,Company (renter voice),"Moving to Calgary in 2026: rents, neighbourhoods, what every newcomer should know",n/a,,
1,3,2026-06-26,Fri,LinkedIn-Founder,Carlos Leal,Founder reflection: why we did not build just a scheduler,3,,
1,4,2026-06-29,Mon,LinkedIn-Founder,Carlos Leal,65% of residents prefer digital leasing (industry signal),2,,
1,4,2026-06-30,Tue,Press-Release,Press (Walter draft + Juan quote),Leasey.AI integrates SingleKey for Canadian tenant screening,4,,
1,4,2026-07-01,Wed,Blog,Company/Juan,Centralised messaging: every lead conversation in one thread (backlog launch),3,,
1,4,2026-07-02,Thu,LinkedIn-Company,Company,SingleKey is live inside Leasey.AI for Canadian operators,4,,
1,4,2026-07-02,Thu,Reddit (r/LeaseyAI),Walter (changelog),Leasey.AI Calendar View v2.0 - split layout and overlap tooltips,n/a,,
1,4,2026-07-03,Fri,LinkedIn-Founder,Juan Leal,Product moment: the whole lead conversation in one thread,3,,
2,5,2026-07-06,Mon,LinkedIn-Founder,Carlos Leal,The hidden legal risk of AI in leasing: Fair Housing,5,,
2,5,2026-07-07,Tue,LinkedIn-Company,Company,DOJ vs RealPage adds Greystar as co-defendant (2025): what enterprise vendors should now own,5,,
2,5,2026-07-08,Wed,Blog,Company/Carlos,AI in leasing and Fair Housing: what to demand from your vendor before going live,5,,
2,5,2026-07-09,Thu,LinkedIn-Company,Company,Most AI vendor contracts put the compliance burden on the property manager. Read yours.,5,,
2,5,2026-07-10,Fri,LinkedIn-Founder,Juan Leal,Discrepancy AI: catch inconsistencies without denying opportunities,5,,
2,6,2026-07-13,Mon,LinkedIn-Founder,Juan Leal,You do not need to switch PMS to automate your leasing,3,,
2,6,2026-07-14,Tue,LinkedIn-Company,Company,Integration over replacement: why the next PropTech winners sit on top of the PMS,3,,
2,6,2026-07-15,Wed,Blog,Company/Juan,Discrepancy AI: how Leasey flags fraud and inconsistencies in rental applications,5,,
2,6,2026-07-16,Thu,Reddit (r/LeaseyAI),Walter (changelog),"Leasey.AI Discrepancy AI - inconsistency detection in screening, flags only, no auto-denial",5,,
2,6,2026-07-17,Fri,LinkedIn-Founder,Carlos Leal,"Founder reflection: integrate on top of the PMS, do not fight it",3,,
2,7,2026-07-20,Mon,LinkedIn-Founder,Carlos Leal,Canadian leasing needs a stack built for Canada,4,,
2,7,2026-07-21,Tue,LinkedIn-Company,Company,"The Canadian leasing stack is consolidating: SingleKey, Kijiji, Duuo, and Leasey.AI",4,,
2,7,2026-07-22,Wed,Blog,Company/Juan,SingleKey integration: Canadian tenant screening inside the leasing funnel,4,,
2,7,2026-07-23,Thu,Blog-Renter,Company (renter voice),"Moving to Toronto in 2026: rents, neighbourhoods, what every newcomer should know",n/a,,
2,7,2026-07-24,Fri,LinkedIn-Founder,Juan Leal,Product moment: biometric ID verification at showings,4,,
2,7,2026-07-25,Sat,Reddit (r/LeaseyAI),Walter (changelog),Leasey.AI ID Verification - biometric check for showings and applications,4,,
2,8,2026-07-27,Mon,LinkedIn-Founder,Carlos Leal,Every vacancy day costs more in a soft market (TEREZ lease-up reflection),1,,
2,8,2026-07-28,Tue,LinkedIn-Company,Company,Time-to-lease as a margin lever: every day of vacancy is a missed margin point,1,,
2,8,2026-07-29,Wed,Blog,Company/Juan,Rental Beast partnership: how cross-marketplace syndication actually works,3,,
2,8,2026-07-30,Thu,Press-Release,Press (Walter draft + Juan quote),Leasey.AI joins Rental Beast network for cross-marketplace listing reach,3,,
2,8,2026-07-31,Fri,LinkedIn-Founder,Juan Leal,Syndication to 48+ marketplaces with one click,3,,
2,8,2026-07-31,Fri,Reddit (r/LeaseyAI),Walter (changelog),"Leasey.AI Showing Confirmation Dashboard - SMS-to-link workflow, anti no-show",1,,
