Month,Week,Date,Day,Channel,Voice,Working Title,Pillar,Status,Doc Link,Content
1,1,2026-06-08,Mon,LinkedIn-Founder,Carlos Leal,Vacancy up in Canada: the lever you control is leasing speed,1,,,"Vacancy in Canada just hit 5.1% this quarter, according to Yardi's Q1 2026 Multifamily Report. In Calgary it is already 7.3%.

I talk to operators almost every day, and the tone has shifted. A year ago the question was how to push rents higher. Now it is how to stop losing weeks on an empty unit.

In a cooling market, almost nothing is in your control. Demand, rates, migration, you do not move any of that. But the speed at which you respond to a lead, that is yours.

We saw it up close on a 154 unit lease-up in Cochrane, right next to that 7.3% in Calgary. When every inquiry gets answered instantly, instead of waiting until the next morning, vacancy days shrink on their own.

It is not magic. It is just no longer losing the lead you already had.

If your team is answering 30 to 40% of the inquiries coming in, that is your leak, and that is your opportunity.

What are you doing differently this year to fill faster?

#PropTech #Multifamily #Leasing"
1,1,2026-06-09,Tue,LinkedIn-Company,Company,Calgary at 7.3% vacancy: what changes inside the leasing team,1,,,"Calgary is sitting at 7.3% vacancy, the highest among major Canadian markets, per Yardi's Q1 2026 Multifamily Report. Edmonton 6.2%. National average 5.1%, the ninth straight quarterly rise.

When the market softens like this, the lever the operator controls is response speed. According to ShowMojo, around 70% of rental prospects search after business hours. A lead not answered at night goes cold by morning.

For leasing teams operating in Calgary, Edmonton, and the cooling corridor across the prairies, that math turns automated response from a ""nice to have"" into the way you defend your week.

We built Leasey.AI's Liza to close that gap: a 24/7 AI agent on phone and chat that qualifies leads against your criteria and books showings on its own. Operators like TEREZ in nearby Cochrane use it to keep inquiry response rate at 100% while their team focuses on the showings that actually land leases.

If your vacancies are sitting longer than they should, schedule a call with our team: https://www.leasey.ai/get-started/

#PropTech #MultifamilyLeasing #LeaseyAI"
1,1,2026-06-10,Wed,Blog,Company/Carlos,What to do when vacancy rises and rents fall: the lever you do control,1,,,"# What to do when vacancy rises and rents fall: the lever you do control

You cannot control the macro market. You can control the lead that arrived at 11pm.

According to Yardi's Q1 2026 Multifamily Report, Canadian national vacancy is at 5.1%, the ninth straight quarterly rise. Calgary 7.3%, Edmonton 6.2%. Annual rent growth has slowed to 2.7%, a four-year low, and lease-over-lease on new leases is down 1.0% nationally. For property managers operating in the Prairie corridor or any softening US market, the conventional levers all point inward: pricing, concessions, listing quality, marketing spend.

Those are real. But they fight a market trend, not a process trend. There is one lever that scales with your operation and not with the market: the speed at which you respond to inquiries.

## Why response speed is the underrated lever

According to ShowMojo, around 70% of rental prospects search after business hours. That is a structural mismatch with how most leasing teams operate. Your agents post during the day. The inquiries arrive at night.

Industry response rates for inbound rental inquiries hover around 30 to 40% on manual workflows. The other 60 to 70% are leads that never got an answer fast enough to matter. In a soft market, those are the leads your competitor will close.

## Three things this changes inside the funnel

1. **You stop losing inquiries to time of day.** The Calgary lease-up that fills 90% in summer can fill the last 10% in shoulder season only if the inquiries at 11pm get answered before morning.
2. **You stop losing leads to channel friction.** Facebook Marketplace, Zillow, Kijiji, and Apartments.com surface inquiries at different times and in different formats. A centralised intake (one inbox, one qualification logic) cuts the leakage between channels.
3. **You free the agents for the work that needs a human.** Per a 2026 Propmodo industry review, around 80% of prospect questions before booking fall into a finite set of scenarios AI handles well. The 20% that need judgement still go to the human team.

## What this looks like operationally

For TEREZ, a 154-unit lease-up in Cochrane just outside Calgary, the cooling corridor is real. Vacancy in the adjacent market sits at 7.3%. Their team needed a way to keep response rate near 100% without adding leasing headcount through the soft season.

That is where [Liza](/features/liza/) fits. She handles inbound on phone and chat 24/7, qualifies leads against the criteria the team sets, books showings on the calendar, and hands the team a list of qualified tours in the morning. Operators on Leasey see 100% inquiry response rate compared with the 30 to 40% typical for manually handled inbound. Paired with [direct syndication to 48+ marketplaces](/features/marketplace-syndication/), the whole funnel runs without the team opening a single platform manually.

The market is what it is. The lead at 11pm is the part you can do something about.

## Master leasing speed with Leasey.AI

Leasey.AI brings the full leasing funnel into one layer: 48+ marketplace syndication, Liza for 24/7 inbound, smart screening with ID verification, and native eSignature. It runs standalone or sits on top of Yardi, Buildium, and Rent Manager.

Schedule a call with Leasey.AI to get started today and see how it can transform your leasing process: https://www.leasey.ai/get-started/"
1,1,2026-06-11,Thu,LinkedIn-Company,Company,Operators are consolidating to centralised leasing teams,1,,,"A pattern we keep seeing across large operators: the on-site leasing agent is becoming a centralised role. One team, multiple properties, real-time visibility across the portfolio.

The logic is straightforward. With vacancy climbing in major Canadian markets (Yardi Q1 2026: 5.1% national, ninth straight quarterly rise), the cost of a slow lead handoff multiplies. A centralised team can run shared SLAs, shared scripts, and shared screening criteria, instead of letting each property reinvent the funnel.

What this requires is not ""more software"". It is one layer that owns the funnel: listings, inquiries, qualification, scheduling, screening, and lease signature, with visibility into every step. The PMS keeps the units. The leasing layer keeps the funnel moving.

That is the position Leasey.AI fills. Liza handles inbound 24/7, Marketplace Syndication pushes listings to 48+ platforms in one click, and the dashboard gives the centralised team one place to see what is converting and what is sitting.

If your team is consolidating leasing and looking for the right operational layer, schedule a call: https://www.leasey.ai/get-started/

#PropTech #MultifamilyLeasing #LeaseyAI"
1,1,2026-06-12,Fri,LinkedIn-Founder,Carlos Leal,Founder reflection: building for a cooling market,1,,,"When we started Leasey, the Canadian market was hot. Units rented almost on their own.

It is easy to build leasing tools when there is a line at the door. The real test comes now, with vacancy climbing nine quarters in a row and rents on new leases turning negative, per Yardi's latest Canadian data.

My brother Juan and I grew up in Colombia, where nobody assumes the customer will just show up. That mindset turned out to be the right one for this moment.

A cold market does not forgive slowness. It forgives even less the team that leaves a lead unanswered.

What I like most about these months is that they force us to prove what we built actually works when filling units is hard. Not when demand is overflowing.

To the operators feeling the shift: you are not alone, and the speed lever is still yours.

Is your stack built for the easy market, or for this one?

#Founders #PropTech #Multifamily"
1,2,2026-06-15,Mon,LinkedIn-Founder,Juan Leal,80% of what a prospect asks before booking a tour is predictable,2,,,"~80% of what a prospect asks before booking a tour is predictable.

Per Propmodo's March 2026 analysis, most leasing inquiries cluster into a finite set of scenarios AI handles end to end. That is exactly what Liza covers at properties like Goldwynn Residences: phone or chat, 24/7, qualifies the lead, and books the showing on its own.

The 20% that needs human judgement stays human. The rest stops landing in your evening.

Curious how it runs in production? https://www.leasey.ai/get-started/

#PropTech #LeaseyAI #Multifamily"
1,2,2026-06-16,Tue,LinkedIn-Company,Company,94% of operators adopt AI in 2026 (Frontdesk Research),2,,,"94% of operators are now adopting AI in some part of the leasing funnel. 77% have cut opex. 85% lifted conversion. The benchmarks come from Frontdesk Research's 2026 State of Multifamily AI report.

Adoption itself is no longer the story. The story is how complete the agent is.

In the same report, full AI leasing agents (phone and chat, end to end) respond in 2 to 4 minutes and post a +45% lift in lead-to-lease conversion. Point tools, chat widgets, and form-based bots show smaller lifts. The differentiator is not ""do you have AI"". It is ""can your AI close the loop on its own"".

Leasey.AI's Liza is built for that loop: she takes the call or chat, answers FAQ, qualifies against the criteria you set, books the showing on the calendar, and hands the human team a qualified tour, not a transcript to read.

If your AI is still a form behind a chat bubble, that is the gap to close. Schedule a call with our team: https://www.leasey.ai/get-started/

#PropTech #AILeasing #LeaseyAI"
1,2,2026-06-17,Wed,Blog,Company/Juan,Direct Facebook Marketplace syndication: stop posting one listing at a time,3,,,"# Direct Facebook Marketplace syndication: stop posting one listing at a time

Still posting your Facebook Marketplace listings one by one at 11pm? You are not alone, and the math is brutal.

Facebook Marketplace has quietly become one of the highest intent inbound channels in rental, especially for mid-market multifamily and SFR portfolios. The problem is not finding leads there. The problem is volume, timing, and the manual workflow that grinds your team down: post each listing by hand, refresh it before it expires, juggle three messages in five minutes at midnight, then copy and paste replies into your PMS in the morning.

According to ShowMojo, around 70% of rental prospects search after business hours. That is a structural mismatch with how most leasing teams operate. Your agents post during the day, and the inquiries arrive at night.

Today we are rolling out direct Facebook Marketplace syndication inside Leasey.AI. Here is what changes for you.

## What direct syndication actually means

When you list a vacant unit in Leasey, the same listing goes live on Facebook Marketplace automatically. Same photos, same description, same availability. You publish once and Leasey keeps it in sync.

Three concrete benefits for an operator running 100+ doors:

1. **One listing surface.** You stop maintaining a separate ""Facebook copy"" of your inventory. The source of truth is the unit record in Leasey, and Marketplace reflects it.
2. **Refresh automation.** Facebook Marketplace listings age out fast. Leasey re-publishes on the cadence the platform rewards, so your inventory stays visible without manual reposts.
3. **Lead capture in one inbox.** Inquiries land in your centralised messaging, not in a personal Messenger account that your weekend coverage cannot reach.

## The after-hours problem solved at the source

Facebook Marketplace is one of those channels where speed and time of day make or break conversion. The first reply wins, and the first reply at 11:47pm is almost never a human.

This is where Liza, our 24/7 AI leasing agent, fits naturally with the syndication. When a Marketplace lead comes in at midnight, Liza answers, qualifies against the criteria you set (pets, income, move-in date, lease length), and books a showing on the calendar your team will see in the morning. Operators like Apartment Hub use this combination to keep inquiry response rates close to 100%, compared with the 30 to 40% range typical for manually handled inbound.

## What you stop doing

- Logging into a personal Facebook account to manage business inquiries.
- Copy-pasting replies between Messenger and your CRM.
- Reposting listings every few days to keep them visible.
- Handing off night and weekend coverage to whoever is willing.

## Master Facebook Marketplace with Leasey.AI

Leasey.AI brings your Facebook Marketplace listings into the same automated funnel as your other 48+ syndication marketplaces, with Liza handling after-hours leads and your team owning the conversations that matter. Listing, syndication, qualification, and showing scheduling sit in one place.

Schedule a call with Leasey.AI to get started today and see how it can transform your leasing process: https://www.leasey.ai/get-started/"
1,2,2026-06-18,Thu,LinkedIn-Company,Company,70% of rental prospects search after hours: why that matters for Facebook Marketplace,3,,,"Around 70% of rental prospects search after business hours, according to ShowMojo. Facebook Marketplace makes that mismatch worse: inquiries cluster at night and on weekends, when no leasing team is staffed to answer.

The math gets brutal. A lead that arrives at 11:47pm and goes unanswered until Monday morning has usually moved on by then. Multiply by every listing, every week, every property.

This week we shipped direct Facebook Marketplace syndication inside Leasey.AI. Publish a listing once, it goes live on Marketplace automatically, and Liza handles the after-hours leads (qualifies, books, hands the calendar to the team in the morning).

Operators like Apartment Hub use the combination to keep inquiry response rate close to 100%, instead of the 30 to 40% typical for manually handled inbound.

If your team is closing Facebook every night and reopening every morning to a stack of unread messages, that is the gap. Schedule a call with our team: https://www.leasey.ai/get-started/

#PropTech #FacebookMarketplace #LeaseyAI"
1,2,2026-06-19,Fri,Reddit-Ext (r/RealEstateTechnology),Juan Leal,I built direct Facebook Marketplace syndication for property managers (Leasey.AI founder),3,,,"**Title:** I built direct Facebook Marketplace syndication for property managers (Leasey.AI founder)

**Body:**

I'm one of the founders at Leasey.AI. We've been building leasing automation for property managers in Canada and the US for the last couple of years. This is the first time I'm posting here, but I've been reading this sub for a while and I wanted to test something we just shipped against this audience.

Why I built it.

Most of our operators told us the same thing in some version. Facebook Marketplace is one of their highest-intent inbound channels, especially for mid-market multifamily. But the workflow around it eats their evenings. Post each listing by hand. Refresh before it expires. Juggle three messages in five minutes at midnight. Copy replies into the CRM in the morning. Nobody wanted ""a better Facebook app"". Several wanted to stop opening Facebook.

What we shipped this week.

Direct Facebook Marketplace syndication inside our platform. You list a vacant unit once in Leasey, the listing goes live on Marketplace automatically. Same photos, same description, refresh handled on the cadence Marketplace rewards. Inquiries flow into our centralised messaging, not a personal Messenger account.

Our 24/7 AI leasing agent (we call her Liza, phone and chat) picks up after-hours leads, qualifies against the criteria the operator sets, and books the showing on the team's calendar.

Honest limits.

- US and Canadian Marketplaces only right now. If you operate elsewhere, this does not help you.
- We are not a PMS. Leasey runs standalone or sits on top of Yardi, Buildium, and Rent Manager. If you are looking for a property management system, this is not it.
- Pricing: from $499 per month for portfolios under 100 doors, scaled by door above. No free trial; paid pilots only.
- Liza is a real conversational agent, not a chat widget. If your prospects ask weird edge-case questions she will hand the thread to a human.

What I would like to know from this sub.

For those of you working at 100+ door operators or third-party leasing companies: where are the marketplaces you wish you could publish to that you cannot? And what is the part of the Facebook Marketplace workflow that you still have to do by hand, even with tooling like ours?

If you want to look: https://www.leasey.ai/get-started/

Happy to answer anything in the thread."
1,2,2026-06-19,Fri,LinkedIn-Founder,Carlos Leal,Handle Facebook Marketplace volume without opening Facebook,3,,,"A property manager I work with recently told me he stopped opening Facebook Marketplace from his phone.

Not because the channel had gone cold. The opposite. He runs around 200 doors and the inquiries kept arriving at midnight, on weekends, in the middle of weekend errands. He was responding to maybe one in three. The rest went silent and he was the only one losing sleep over it.

His point was simple: the problem was not the Facebook UI. The problem was opening Facebook at all.

That gap is what direct syndication closes. Operators like Apartment Hub publish a listing once in Leasey.AI and it goes live on Facebook Marketplace, Zillow, Kijiji, and the other 47 platforms automatically. Liza picks up the after-hours leads, qualifies them, and books showings on the team's calendar. They open the app on Monday morning to a clean list of qualified tours, not 60 unread messages.

According to ShowMojo, around 70% of rental prospects search after business hours. That is not a Facebook problem. That is a coverage problem, and Leasey closes it in the background.

If you are still opening Facebook to keep up with your leasing, there is a quieter way: https://www.leasey.ai/get-started/

#PropTech #LeaseyAI #Multifamily"
1,3,2026-06-22,Mon,LinkedIn-Founder,Juan Leal,A chat widget is not a leasing agent,2,,,"A chat widget that captures inputs is not the same as a conversational agent that holds a leasing call.

Per Frontdesk Research's 2026 State of Multifamily AI report, full AI leasing agents respond in 2 to 4 minutes and lift lead-to-lease conversion +45%. Liza covers phone and chat, qualifies against your criteria, and books showings on its own.

If your ""AI"" is a form behind a chat bubble, you are still leaving the booking to a human you do not have.

https://www.leasey.ai/get-started/

#PropTech #LeaseyAI #AILeasing"
1,3,2026-06-23,Tue,LinkedIn-Company,Company,Integration is the #1 adoption barrier in multifamily PropTech (Propmodo 2026),3,,,"Integration with existing systems is now the #1 adoption barrier in multifamily PropTech, above cost, above ROI, above training. That is the conclusion from the 2026 Propmodo / Frontdesk Research review.

It tracks with what we hear from operators every week. Nobody wants to switch their PMS. Nobody wants a stack of seven tools that need to be reconciled by hand at month-end. The question on the table is: can a new layer sit on top of what we already run, or do we have to rip out something that works.

Leasey.AI is built for the ""sit on top"" answer. Two-way sync with Yardi, integrations with Buildium and Rent Manager, and a standalone mode for operators without a PMS. Implementation in a day.

That position is why operators like Three Shores chose Leasey instead of replacing their stack. They kept the PMS, plugged Leasey on top, and got one place for syndication, lead handling, showings, screening, and lease signature.

If integration is the friction stopping your team from automating, schedule a call: https://www.leasey.ai/get-started/

#PropTech #MultifamilyLeasing #LeaseyAI"
1,3,2026-06-24,Wed,Blog,Company/Juan,Scheduling alone vs end-to-end leasing: where the leaks really happen,3,,,"# Scheduling alone vs end-to-end leasing: where the leaks really happen

If you only automate the showing scheduler, what happens to everything before and after?

That is the trade-off mid-market property managers face as the AI leasing category matures. According to Frontdesk Research's 2026 State of Multifamily AI report, 94% of operators are adopting AI in some part of their funnel, and the operators who lifted conversion the most (+45% lead-to-lease) were running full AI leasing agents, not point tools. The gap between ""automate one step"" and ""automate the funnel"" is widening.

Here is what falls outside a scheduling-only tool, and what you usually rebuild manually around it.

## What scheduling tools handle well

Booking the tour after a qualified lead reaches the calendar. That is real value. It removes a daily annoyance.

## What scheduling tools do not handle

1. **Syndication.** Your listings still go up by hand on Zillow, Kijiji, Facebook Marketplace, and the other 45+ platforms. Leasey publishes once to [48+ marketplaces](/features/marketplace-syndication/).
2. **Lead capture and qualification.** Inquiries from those listings still hit your inbox unsorted. [Liza](/features/liza/), our 24/7 phone and chat agent, answers, qualifies against your criteria, and books the showing automatically. Per Frontdesk Research 2026, full agents respond in 2 to 4 minutes.
3. **Screening and applications.** Credit, background, ID, income, and inconsistency detection happen elsewhere in your stack, then you copy data back. Leasey runs screening with biometric ID and Discrepancy AI inside the same workflow.
4. **Documents and signature.** Lease drafting and signing usually live in a third tool with its own subscription. Leasey auto-fills documents with smart fields and signs natively.

Each handoff between tools is a leak: data re-entered by hand, leads dropped on the seams, your team chasing context across four browser tabs.

## The integration barrier is the real story

Per a Propmodo / Frontdesk Research review of multifamily PropTech in 2026, integration with existing systems is the #1 adoption barrier, above cost, ROI, and training. Operators do not want to switch PMS, and they do not want a stack of seven tools either. They want one layer that sits on top.

That is the position operators like Three Shores landed in. They kept their existing PMS, plugged Leasey.AI on top via two-way sync, and gave their team one place for syndication, lead handling, showings, screening, and lease signature. The category they chose was not a better scheduler. It was end-to-end leasing. (See [how Goldwynn took the same path](/resources/testimonials/how-goldwynn-adopted-leasey-ai-for-multifamily-leasing-automation/) for a published case study.)

## Master end-to-end leasing with Leasey.AI

Leasey.AI covers your funnel from listing to signature, with Liza handling 24/7 inbound, syndication to 48+ marketplaces, screening with biometric ID, and native eSignature. It runs standalone or integrates on top of Yardi, Buildium, and Rent Manager.

Schedule a call with Leasey.AI to get started today and see how it can transform your leasing process: https://www.leasey.ai/get-started/"
1,3,2026-06-25,Thu,Blog-Renter,Company (renter voice),"Moving to Calgary in 2026: rents, neighbourhoods, what every newcomer should know",n/a,,,"# Moving to Calgary in 2026: rents, neighbourhoods, and what every newcomer should know

Calgary has become one of Canada's most-watched rental markets, for reasons both good and frustrating depending on who you ask. If you are moving here this year, here is what you actually need to know.

## Rent ranges (early 2026)

Median monthly rent for a one-bedroom: approximately $1,750 to $1,900 [VERIFICAR with Rentals.ca and CMHC Q1 2026 report].
Median monthly rent for a two-bedroom: approximately $2,200 to $2,400 [VERIFICAR].

These ranges shift by neighbourhood. Inner-city Beltline and Bridgeland trend above the median. The northeast (Falconridge, Saddleridge) and parts of the deep south trend below. Vacancy in the city is around 7.3% as of Q1 2026, per Yardi, the highest among major Canadian markets. That means bargaining power has shifted a little toward renters this year. Use it.

## Five neighbourhoods to actually consider

1. **Beltline.** Walkable, dense, close to downtown. Most expensive but the trade-off is you can live without a car if you want. Best for young professionals.
2. **Bridgeland.** Pre-war character, hilltop views, short walk or bike to downtown. Quieter than Beltline. Newer condos mixed with character buildings.
3. **Inglewood and Ramsay.** Inglewood is the original neighbourhood of Calgary, slightly farther from downtown but with a real music and food scene. Ramsay just east is the cheaper cousin.
4. **Kensington.** West side, river-adjacent, walkable, parks, well-served by transit. Family-friendlier than Beltline.
5. **Mission and Cliff Bungalow.** River-adjacent on the south side, walkable to 17th Avenue, generally quieter and more residential than Beltline.

## What every newcomer underestimates

- **Cost of car ownership.** Auto insurance in Alberta is among the highest in Canada. If you are coming from BC or Ontario, double-check your premiums before you commit to a car-dependent neighbourhood.
- **The chinook winds.** Calgary gets warm, dry winds in winter that can move the temperature 20 degrees in a few hours. Pleasant, but they wreak havoc on headaches and dry skin. Worth knowing.
- **Distance is measured in time, not kilometres.** A ""20-minute drive"" can become 50 in rush hour. Listings will quote drive times to downtown that do not reflect rush. Check Google Maps at 8am, not Sunday afternoon.

## What to ask your landlord before you sign

1. Is the unit covered by Alberta's standard residential tenancy agreement? Some short-term rental setups are not.
2. What utilities are included? Water often is. Electricity rarely.
3. Is there secure parking, and is it included or extra?
4. What is the snow-clearing arrangement for the building?
5. Pet policies, deposit amount, and conditions for the deposit refund.

## A note on how the market answers now

Several Calgary leasing teams now use AI chat to handle inquiries after business hours, including the team that built [Leasey.AI](https://www.leasey.ai/get-started/). If you ask a question at 11pm, you may get a real conversational answer rather than a ""we will get back to you Monday"". That is not a sales pitch, just a feature of the market in 2026 worth knowing if you are timing your move.

Welcome to Calgary. The chinook on a clear day, with the Rockies on the horizon, is genuinely one of the better moments in Canadian renting."
1,3,2026-06-26,Fri,LinkedIn-Founder,Carlos Leal,Founder reflection: why we did not build just a scheduler,3,,,"When we started building Leasey.AI, the easy path was to build a better scheduler.

That was the category venture money was funding, and the market wanted it. We had seen the pain at institutional operators like QuadReal and Aquilini, where a missed showing could cost a building tens of thousands in a soft month. A clean booking flow alone would have been a real product.

We chose differently, and the data backs why.

Per Propmodo's 2026 PropTech review, integration with existing systems is now the #1 adoption barrier in multifamily leasing, above cost and ROI. When we sat in operator offices, that showed up as: the lead never reached the scheduler, or screening took five days after the showing, or the lease lived in a third tool nobody owned. Automating one step inside a broken chain felt like polishing the door of a leaking building.

So we built the chain. Listing to Liza to showing to screening to signature, in one layer. Operators like Three Shores keep their PMS and stop stitching the rest of the funnel together by hand.

If we had built only the scheduler, we would have a tidier product. Easier to demo. But we would not be solving what was actually slowing down the leasing teams I grew up watching in Canada.

If you are evaluating leasing automation and feel pulled toward the easier category, this is the trade-off worth thinking through: https://www.leasey.ai/get-started/

#PropTech #LeaseyAI #Founders"
1,4,2026-06-29,Mon,LinkedIn-Founder,Carlos Leal,65% of residents prefer digital leasing (industry signal),2,,,"A statistic worth sitting with: 65% of residents prefer digital leasing methods, per Propmodo's 2026 PropTech review.

That number reframes what ""good service"" looks like in 2026. The resident who toured at 11pm because they could text a chatbot to schedule the appointment is now the rule, not the exception. The team that requires a 9am phone call to book a tour is the one losing the lease.

I bring this up because I still get asked, ""Carlos, is this AI thing maybe a fad?"" Hard to call it a fad when more than half of the people doing the renting say they prefer it.

For operators like Goldwynn Residences, that resident preference shows up in the conversion data. The case study we published last quarter has the team running a leasing experience where the prospect controls the pace: chat now, ask the question now, book the showing now.

Our job as operators is not to debate whether AI belongs in leasing. It is to choose AI that actually closes the loop, not a widget that captures a form.

If you are evaluating where to start, the question to ask is whether the prospect can complete the entire path to a booked tour without a human on the other end. https://www.leasey.ai/get-started/

#PropTech #LeaseyAI #DigitalLeasing"
1,4,2026-06-30,Tue,Press-Release,Press (Walter draft + Juan quote),Leasey.AI integrates SingleKey for Canadian tenant screening,4,,,"FOR IMMEDIATE RELEASE

# Leasey.AI Integrates SingleKey for Canadian Tenant Screening

## Combined platform brings end-to-end leasing automation and Canadian-built screening into one workflow for property managers

NEW YORK, NY / VANCOUVER, BC, June 30, 2026. Leasey.AI, the leasing automation platform for property managers in Canada and the United States, today announced a partnership with SingleKey, the Canadian tenant screening company. The integration brings credit, identity, and Canadian-specific tenant data into the Leasey.AI workflow alongside listing syndication, AI lead handling, showing scheduling, and lease signature.

The announcement comes as Canadian property managers face an uneven market. Per Yardi's Q1 2026 Multifamily Report, national vacancy is at 5.1%, with Calgary at 7.3% and Edmonton at 6.2%, while Halifax sits at 2.8%. Provincial regulation, Canadian-only platforms, and screening requirements that do not map cleanly to United States bureaus have historically forced Canadian operators to assemble their leasing stack piece by piece. The SingleKey integration is part of Leasey.AI's Canadian-first strategy, alongside existing integrations with Kijiji and Duuo by Co-operators.

For operators like TEREZ, a 154-unit lease-up in Cochrane, Alberta, the SingleKey integration means tenant screening now happens inside the same funnel that captured the inquiry and booked the showing. Credit, identity, and eviction history checks run automatically once an application is submitted, and the data flows back into the leasing dashboard with a full audit trail.

""Canadian property managers have been waiting for a leasing layer that treats their market as a first-class operating environment, not a United States footnote,"" said Juan Leal, CEO and CPO of Leasey.AI. ""The SingleKey integration is the screening piece of that promise. The next pieces are already on the roadmap.""

""[TO VERIFY: SingleKey partner quote, suggested framing: integrated screening shortens the time between a qualified application and a signed lease, which matters most when vacancy is climbing.]"" [TO VERIFY: partner name and title], SingleKey

The integration is available immediately to Leasey.AI customers operating in Canadian markets at no additional subscription cost. Existing Leasey.AI Canadian customers can enable SingleKey screening from the dashboard.

## About Leasey.AI

Leasey.AI is an AI-powered leasing automation platform for property managers in Canada and the United States. The platform combines listing syndication to 48+ marketplaces, Liza (a 24/7 AI leasing agent on phone and chat), automated showing coordination, tenant screening, and native lease signature. Founded in 2023 by brothers Juan and Carlos Leal and operated by Silver Homes Technology Inc., Leasey.AI is backed by DMZ Ventures and headquartered in Canada, with offices in New York, Vancouver, and Toronto. Learn more at https://www.leasey.ai.

## About SingleKey

[TO VERIFY: official SingleKey boilerplate. Placeholder: SingleKey is a Canadian tenant screening platform offering credit reports, identity verification, employment and income checks, and risk reports built for the Canadian rental market. Headquartered in Toronto.]

## Media Contact

[TO VERIFY: official press contact]
press@leasey.ai

###"
1,4,2026-07-01,Wed,Blog,Company/Juan,Centralised messaging: every lead conversation in one thread (backlog launch),3,,,"# Centralised messaging: every lead conversation in one thread

How many windows does your leasing team need open before they can reply to a prospect?

For most mid-market property management operations, the honest answer is four to six. Facebook Marketplace Messenger. Zillow's internal portal. Kijiji's inbox. Email. Maybe a CRM that ingests some of it. Maybe a personal cell phone that gets the late-night texts. Each lead arrives on a different surface, with different reply latency and different context for the agent.

That fragmentation is where leads die. Not from refusal, from friction.

Today we are rolling out centralised messaging inside Leasey.AI. Here is what changes.

## The new normal: one thread per prospect, regardless of channel

When a prospect inquires from Facebook Marketplace, Zillow, Kijiji, or email, the inbound message lands in the same thread inside Leasey. The original platform is tagged so your team knows the source, but the conversation lives in one place. Liza, our 24/7 AI leasing agent, can answer the inquiry, qualify against the criteria you set, and book the showing from the same thread, on any source.

For your team, the practical change:

1. **One inbox to clear.** No more switching tabs to track the same prospect's three follow-ups across three platforms.
2. **One conversation history per prospect.** The third message from a Marketplace lead inherits the context of the first two, even if Liza handled them while the team was off.
3. **One handoff between Liza and the human.** When a thread requires a human, the agent picks up where Liza left off, with the full conversation visible and the qualification context attached.

## Why this matters in the soft-market math

According to ShowMojo, around 70% of rental prospects search after business hours. Per the 2026 Propmodo industry review of multifamily PropTech, integration with existing systems is now the #1 adoption barrier in the category. Both findings push the same conclusion: the leasing team that wins the cooling-market quarter is the one that handles inbound across channels without dropping context or losing time of day.

For operators like Three Shores, a centralised inbox means the team no longer reconciles screenshots between platforms at end-of-week. The dashboard shows what is in the funnel, by channel, by stage, in real time.

## What this does not do

Centralised messaging does not replace the leasing manager. It removes the channel-by-channel friction so the manager can spend the day on the conversations that move the lease, not on the busywork that surrounds them. The 20% of prospect questions that require judgement still land with a human, with full context.

## Master your inbound with Leasey.AI

Leasey.AI brings inquiry, qualification, scheduling, screening, and lease signature into one layer. Listings publish once to 48+ marketplaces. [Liza](/features/liza/) handles inbound 24/7 across phone and chat. And now every message from every source flows into one thread per prospect.

Schedule a call with Leasey.AI to get started today and see how it can transform your leasing process: https://www.leasey.ai/get-started/"
1,4,2026-07-02,Thu,LinkedIn-Company,Company,SingleKey is live inside Leasey.AI for Canadian operators,4,,,"SingleKey screening is now live inside Leasey.AI for Canadian operators. Credit, identity, eviction history, and Canadian-specific data points run inside the same workflow that handles inquiry, qualification, showing, and lease.

The Canadian leasing stack has always been an awkward fit for US-first PropTech. Provincial regulation, Canadian-only platforms (Kijiji, Duuo, now SingleKey), and screening criteria that do not map cleanly to US bureaus. Most leasing tools treat the country as a US footnote and the operator ends up duct-taping the screening step.

That is the friction this integration removes. For TEREZ in Cochrane and other Canadian operators on the platform, the screening decision now lives inside the leasing funnel, with the same audit trail as every other step.

The 48+ marketplaces, Liza, Smart Leases, and now SingleKey screening operate as one layer. No extra subscription, no extra login.

Canadian property managers, schedule a call with our team: https://www.leasey.ai/get-started/

#PropTech #CanadianRealEstate #LeaseyAI"
1,4,2026-07-02,Thu,Reddit (r/LeaseyAI),Walter (changelog),Leasey.AI Calendar View v2.0 - split layout and overlap tooltips,n/a,,,"**Title:** Leasey.AI Calendar View v2.0 - split layout and overlap tooltips

**Body:**

Pushed Calendar View v2.0 to all accounts this week. Two changes for leasing teams who run heavy showing schedules.

First, split layout. The calendar now optionally splits the day vertically when you have overlapping showings across the same agent or unit. The old single-column view was hiding double-bookings inside the same time block, which we found in support tickets came up most for teams with 80+ showings per week. The split layout makes the overlap visible at a glance so the team can rebook before the conflict becomes a no-show.

Second, overlap tooltips. Hover any time block that contains more than one event and you get a tooltip listing all of them, including agent, unit, and prospect name. Click to open whichever one needs attention without losing the calendar position.

Known limits. The split layout currently only triggers on overlap across the same agent or the same unit. Cross-agent overlaps in different units do not trigger the split yet (we kept the trigger conservative to avoid splitting too aggressively for distributed teams). On our list for v2.1.

Drop a comment if you hit a scenario where the overlap detection misses something, or if you want a configuration toggle for the split trigger."
1,4,2026-07-03,Fri,LinkedIn-Founder,Juan Leal,Product moment: the whole lead conversation in one thread,3,,,"Until this week, the prospect who messaged your team on Facebook Marketplace, Zillow, and email was three different conversations in three different inboxes.

Now it is one thread inside Leasey.AI, tagged by source, with Liza answering or the human picking up where she left off.

Operators like Three Shores get one inbox per prospect instead of three. That is the change.

https://www.leasey.ai/get-started/

#PropTech #LeaseyAI #Multifamily"
2,5,2026-07-06,Mon,LinkedIn-Founder,Carlos Leal,The hidden legal risk of AI in leasing: Fair Housing,5,,,"Talking to a couple of operators last month, the question we kept circling was not ""should we use AI in leasing."" It was ""what happens when we get sued for using AI in leasing.""

Per Multifamily Dive's reporting on the DOJ vs RealPage case (2025), Greystar was added as a co-defendant. Harbor Group is dealing with separate scrutiny over voucher holder screening. The legal layer is not theoretical anymore.

My standing answer when this comes up: the risk lives in one specific place. AI that makes decisions a court will later say should have been made by a human. Screening, eligibility, pricing. Anything that materially affects whether a person gets housed.

The position we took at Leasey.AI when designing this layer is straightforward. The agent handles inquiries and tour booking. The screening flags inconsistencies and surfaces them. The human signs off on every decision that has Fair Housing implications. Liza never auto-denies an application.

I came from QuadReal and the institutional Canadian side before this. The compliance teams I worked with care more about audit trail than about elegant automation. The platform that wins enterprise is the one that gives them both.

If your AI vendor cannot tell you which decisions humans still own, that is the conversation to have before scaling.

https://www.leasey.ai/get-started/

#PropTech #FairHousing #LeaseyAI"
2,5,2026-07-07,Tue,LinkedIn-Company,Company,DOJ vs RealPage adds Greystar as co-defendant (2025): what enterprise vendors should now own,5,,,"The DOJ vs RealPage case added Greystar as a co-defendant in 2025, per Multifamily Dive and Law360. Separately, Harbor Group is facing scrutiny over voucher holder screening practices. Whatever the outcomes, the precedent the industry is reading is clear: when AI affects who gets housed, the operator and the vendor are both on the line.

For property managers evaluating leasing automation, the question to put to a vendor is no longer ""what can your AI do."" It is ""what does your AI not decide on its own.""

We built Leasey.AI's screening layer around that question. The system flags inconsistencies and possible fraud indicators in applications, then surfaces them for a human reviewer. No auto-denial. Every decision with Fair Housing implications has a person attached to it and a record of why.

Most AI vendor contracts in this category push the compliance burden onto the property manager, not the software. Read yours carefully before scaling.

If you want to see how the screening layer documents its decisions, schedule a call with our team: https://www.leasey.ai/get-started/

#PropTech #FairHousing #LeaseyAI"
2,5,2026-07-08,Wed,Blog,Company/Carlos,AI in leasing and Fair Housing: what to demand from your vendor before going live,5,,,"# AI in leasing and Fair Housing: what to ask your vendor before going live

If a tenant sues your operation in 2026 over a screening decision made by AI, what does your audit trail look like?

The question is not theoretical. Per Multifamily Dive's reporting on the DOJ vs RealPage case (2025), Greystar was added as a co-defendant. Harbor Group is dealing with separate scrutiny over voucher holder screening. The legal layer around AI in leasing is moving fast, and most operators are signing AI vendor contracts written by the vendor's lawyers, not theirs.

This is a practical checklist for what to ask your vendor before you scale automation across your screening or pricing decisions.

## What to ask

1. **Which decisions does the system make on its own, and which does a human sign off on?** The right answer for any Fair Housing-adjacent decision (eligibility, screening verdict, pricing of a specific application) is a human. If the vendor cannot draw that line, that is the conversation.
2. **What gets logged, by whom, and for how long?** A defensible audit trail names the model, the inputs, the version, the human reviewer, and the date. Anything less is the operator wearing the legal exposure.
3. **How does the system handle voucher holders, ESA requests, and disability accommodations?** These are the categories that show up first in Fair Housing complaints. The system should treat them as exception flows, not as edge cases.
4. **What does the contract say about indemnification?** Most AI vendor contracts put the compliance burden on the property manager. Negotiate this before you scale.

## What to verify

- That the vendor's screening logic is documented, not ""proprietary black box.""
- That the platform stores, on your behalf, the data your jurisdiction requires for the period it requires.
- That an actual human at the vendor can speak to the screening decision if a regulator or a plaintiff's lawyer requests it.

## What to document on your side

Even with the best vendor, the operator carries the standard of care. A defensible posture includes:

- A written policy describing where AI is used in your leasing funnel and where it is not.
- Training records for the team members who review the AI's flags.
- A periodic audit of decisions the AI surfaced and how the team handled them. Quarterly is reasonable. Monthly during a roll-out.

## Where Leasey.AI sits in this picture

We built [Liza](/features/liza/) and the screening layer with this exact threat model in mind. Liza handles inquiries, qualifies, and books tours. The screening surfaces inconsistencies and possible fraud indicators (Discrepancy AI) but never auto-denies an application. Every decision with Fair Housing implications has a person attached.

The team that built this also published a [research piece](/resources/research) on Fair Housing and algorithmic screening earlier this year for operators wanting to dig deeper into the legal layer.

## Master compliance-aware leasing with Leasey.AI

Leasey.AI brings the full leasing funnel into one layer: syndication to 48+ marketplaces, Liza for 24/7 inbound, smart screening with biometric ID, and native eSignature. The system is built for operators who answer to compliance teams as well as to leasing targets.

Schedule a call with Leasey.AI to get started today and see how it can transform your leasing process: https://www.leasey.ai/get-started/"
2,5,2026-07-09,Thu,LinkedIn-Company,Company,Most AI vendor contracts put the compliance burden on the property manager. Read yours.,5,,,"A pattern worth checking in your AI leasing contract before you scale: where does the indemnification language put the compliance burden if a tenant sues over a screening decision?

For most contracts in this category, the answer today is ""with the operator."" The vendor's terms protect the vendor's product. Your team carries the legal exposure for how the product is used inside your funnel.

Given the trajectory of DOJ vs RealPage, the addition of Greystar as co-defendant in 2025, and Harbor Group's separate scrutiny over voucher screening (per Multifamily Dive and Law360), that is a position worth negotiating, not accepting as standard.

Before signing or renewing, ask:

1. Who is named on the indemnification clause if a screening decision is challenged?
2. Does the vendor agree to retain decision logs for the period your jurisdiction requires?
3. Will the vendor's compliance team participate in an audit or testify if needed?

We built Leasey.AI's screening layer around the assumption that the answers to those three questions are not optional.

If the AI vendor in your stack cannot tell you which decisions you still own, schedule a call with our team: https://www.leasey.ai/get-started/

#PropTech #FairHousing #LeaseyAI"
2,5,2026-07-10,Fri,LinkedIn-Founder,Juan Leal,Discrepancy AI: catch inconsistencies without denying opportunities,5,,,"Discrepancy AI ships this week.

It reads rental applications and flags inconsistencies (income vs bank statement, employer vs payroll, ID vs application name). It does not auto-deny anything. The human reviewer sees the flag, the underlying data, and decides.

That separation matters. The system catches fraud signals. The team carries the Fair Housing decision.

https://www.leasey.ai/get-started/

#PropTech #LeaseyAI #ScreeningAI"
2,6,2026-07-13,Mon,LinkedIn-Founder,Juan Leal,You do not need to switch PMS to automate your leasing,3,,,"You do not need to switch PMS to automate your leasing.

Per the 2026 Propmodo PropTech review, integration is now the #1 adoption barrier in multifamily, above cost. Leasey.AI sits on top of Yardi, Buildium, and Rent Manager with two-way sync, or runs standalone. Goldwynn kept their PMS and added the leasing layer.

https://www.leasey.ai/get-started/

#PropTech #LeaseyAI #Multifamily"
2,6,2026-07-14,Tue,LinkedIn-Company,Company,Integration over replacement: why the next PropTech winners sit on top of the PMS,3,,,"Why is ""integration #1 barrier"" landing this hard with mid-market operators? Because most stack consolidations in the last cycle failed for a reason that had nothing to do with software quality.

Per the 2026 Propmodo / Frontdesk Research review, integration with existing systems is now the #1 PropTech adoption barrier, above cost, above ROI, above training. The math from inside the operator office is simple: any project that requires retraining the team on a new PMS while running the leasing book is a project that gets paused, then quietly shelved.

The leasing layer that wins this decade is the one that sits on top of what the operator already runs. Two-way sync. Same data model. The PMS keeps managing units. The leasing layer keeps moving the funnel.

That is the position Leasey.AI was built for. Yardi sync, Buildium, Rent Manager, or standalone. Implementation in a day. Operators like Three Shores kept their PMS and plugged Leasey on top, no rip-and-replace required.

If integration is the friction stopping your team from automating, schedule a call with our team: https://www.leasey.ai/get-started/

#PropTech #MultifamilyLeasing #LeaseyAI"
2,6,2026-07-15,Wed,Blog,Company/Juan,Discrepancy AI: how Leasey flags fraud and inconsistencies in rental applications,5,,,"# Discrepancy AI: how Leasey flags fraud and inconsistencies in rental applications

How many of the rental applications you screened this quarter had a number that did not quite match?

Income on the application that does not match three months of bank statements. Employer name that does not match the payroll provider. ID name that does not match the application. Most of these are unintentional. A subset are fraud.

For the property manager screening 30 applications a week per leasing agent, catching these by eye is a discipline that breaks under volume. According to ShowMojo, around 70% of rental prospects search after business hours, and a similar share of applications now arrive outside the agent's working window. The review queue is bigger than ever. The time to give each application a careful read is smaller.

This week we shipped Discrepancy AI as part of Leasey.AI's screening workflow. Here is what it does and what it does not.

## What Discrepancy AI does

The system reads the structured fields of a rental application alongside the supporting documents (bank statements, paystubs, ID, employer letters) and flags cases where the data points do not line up:

1. **Income mismatch.** Stated monthly income on the application versus aggregated deposit totals over the last 90 days.
2. **Employer mismatch.** Name on the paystub or employer letter versus the application's stated employer.
3. **ID mismatch.** Name and date of birth on the ID versus the application form.
4. **Date inconsistencies.** Lease term overlaps, simultaneous tenancy claims, two applications for different units submitted within hours of each other.
5. **Document signals.** Metadata flags on documents that look re-rendered or out of date.

Each flag surfaces in the leasing dashboard with the underlying data visible. The reviewer sees what the system saw.

## What Discrepancy AI does not do

The system does not auto-deny an application. It does not score a tenant. It does not gate the application from human review.

That separation is deliberate. Per Multifamily Dive's reporting on the DOJ vs RealPage case (2025), Greystar was added as a co-defendant. Harbor Group is dealing with separate scrutiny on voucher screening. A court will look at any decision that materially affects whether a person gets housed and ask which person made it. The right answer is ""a human, on the record.""

The Leasey position on screening: the system catches the inconsistency. The human carries the decision. Every flag has an audit trail attached.

## Why this matters in a soft market

According to Yardi's Q1 2026 Multifamily Report, Canadian national vacancy is at 5.1%, Calgary at 7.3%, Edmonton at 6.2%. In a market like that, the cost of a missed fraud signal is real. So is the cost of a Fair Housing complaint from a denied application that should not have been denied.

For operators like Diego Mendoza at Century21, the screening volume justifies investment in better signal. The team can now spend deep review time on the flagged applications, instead of distributing it thin across every file.

## Master compliant screening with Leasey.AI

Discrepancy AI is part of the [Leasey.AI screening](/features/liza/) layer, alongside biometric ID verification, credit and background checks, and (for Canadian operators) SingleKey integration. The team that built it published a [research piece on Fair Housing](/resources/research) earlier this year for operators wanting the legal context behind the design choices.

Schedule a call with Leasey.AI to get started today and see how it can transform your leasing process: https://www.leasey.ai/get-started/"
2,6,2026-07-16,Thu,Reddit (r/LeaseyAI),Walter (changelog),"Leasey.AI Discrepancy AI - inconsistency detection in screening, flags only, no auto-denial",5,,,"**Title:** Leasey.AI Discrepancy AI - inconsistency detection in screening, flags only, no auto-denial

**Body:**

Pushed Discrepancy AI into the screening workflow this week. Posting the changelog because a few of you have asked specifically about this layer.

What it does. The system reads structured fields of a rental application alongside the supporting documents and flags mismatches. Income on the form vs deposit aggregates from bank statements. Employer name on the paystub vs the application. ID name vs application name. Date inconsistencies across submissions. Document metadata flags on re-rendered files. Each flag shows up in the leasing dashboard with the underlying data visible.

What it deliberately does not do. The system does not auto-deny applications. It does not produce a tenant score. It does not gate the application from human review. The reviewer always sees what triggered the flag and makes the call.

This is deliberate. The Fair Housing exposure on auto-decisions in screening is now a real one (DOJ vs RealPage, Greystar added as co-defendant in 2025, separate Harbor Group voucher screening matter). Auto-denial without human review is the path most operators do not want their stack on.

Known limits. The flags today work on the most common North American document types (US and Canadian paystubs, bank statements, IDs). International documents are best-effort. Custom employer letters (no template) sometimes flag false positives. v1.1 will improve those.

Drop a comment if your team hits a false positive pattern we should tune for, or a true positive we missed."
2,6,2026-07-17,Fri,LinkedIn-Founder,Carlos Leal,"Founder reflection: integrate on top of the PMS, do not fight it",3,,,"We had a conversation early in Leasey's life where the easy product to build was the PMS killer.

Replace the incumbent. New ledger. New tenant accounts. New everything. Investors wanted it. Some operators wanted it. We had the engineering to try.

We chose differently for one specific reason. The teams we sold to had spent ten years configuring Yardi or Buildium to their workflows. Ripping that out for a leasing problem felt like asking them to rebuild the house to replace one window.

Per the 2026 Propmodo PropTech review, integration is now the #1 PropTech adoption barrier, above cost, above ROI, above training. That number says the same thing the operators said two years ago: ""do not make me switch.""

So we built Leasey.AI as the leasing layer that sits on top. Two-way sync with Yardi. Buildium. Rent Manager. Or standalone if there is no PMS. Operators like Goldwynn kept their stack and added the leasing piece, in days, not quarters.

The product I would have built three years ago would have been more elegant. It would also have been less used. Sometimes the right answer is not the cleaner architecture. It is the one the team can actually adopt.

If you are evaluating how to add leasing automation without replacing your stack, that is the conversation: https://www.leasey.ai/get-started/

#PropTech #LeaseyAI #Founders"
2,7,2026-07-20,Mon,LinkedIn-Founder,Carlos Leal,Canadian leasing needs a stack built for Canada,4,,,"A reminder that comes up often when I talk to Canadian operators: the US-first PropTech stack does not always translate.

Per Yardi's Q1 2026 Multifamily Report, Canadian markets are not moving in sync. Calgary at 7.3% vacancy, Edmonton at 6.2%, Halifax at 2.8%. Provincial regulation, screening platforms, listing portals, and tenant insurance providers operate differently across the country.

For the leasing tool the team adopts, that asymmetry matters. Most platforms designed in the United States treat Canada as a configuration toggle. The ones that get adopted treat it as a first-class operating environment.

We built Leasey.AI Canadian-first for that reason. Kijiji syndication, Duuo by Co-operators for insurance, SingleKey for tenant screening (live this week). The platform speaks the languages, references the regulations, and integrates with the screening systems your team already trusts.

For an operator like TEREZ in Cochrane, the integration list is not a marketing detail. It is the difference between adopting one platform and stitching three.

If you are running a Canadian portfolio and the rest of your stack is US-first, that is the friction to think about: https://www.leasey.ai/get-started/

#PropTech #CanadianRealEstate #LeaseyAI"
2,7,2026-07-21,Tue,LinkedIn-Company,Company,"The Canadian leasing stack is consolidating: SingleKey, Kijiji, Duuo, and Leasey.AI",4,,,"The Canadian leasing stack is quietly consolidating around four pillars:

1. Listing distribution: Kijiji, MLS, Zillow Canada
2. Tenant insurance: Duuo by Co-operators
3. Tenant screening: SingleKey
4. Leasing automation: Leasey.AI (now live with SingleKey)

This is the version most mid-market Canadian operators are landing on as 2026 progresses. Each pillar is built for Canadian regulation, currency, ID norms, and provincial tenancy rules.

Per Yardi's Q1 2026 Multifamily Report, the Canadian rental market is increasingly uneven (Calgary 7.3%, Halifax 2.8%, national average 5.1% and rising). That asymmetry rewards operators with platforms that respect provincial differences instead of papering over them.

The SingleKey integration that went live last month is part of that posture. For TEREZ in Cochrane, credit, identity, eviction history, and Canadian-specific tenant data flow into the same Leasey leasing workflow that handles inquiry, qualification, showing, and lease signature.

If you are building or refreshing your Canadian leasing stack, schedule a call with our team: https://www.leasey.ai/get-started/

#PropTech #CanadianRealEstate #LeaseyAI"
2,7,2026-07-22,Wed,Blog,Company/Juan,SingleKey integration: Canadian tenant screening inside the leasing funnel,4,,,"# SingleKey integration: Canadian tenant screening inside the leasing funnel

If your Canadian leasing team is still pasting tenant data from screening reports into your CRM by hand, you are running a 2018 workflow in a 2026 market.

Per Yardi's Q1 2026 Multifamily Report, Canadian national vacancy is at 5.1%, with Calgary at 7.3% and Edmonton at 6.2%. The market is rewarding speed and consistency at the screening step. Anything that adds latency between ""application submitted"" and ""screening verdict"" is costing leases.

This is the gap the SingleKey integration inside Leasey.AI closes. Both companies announced the partnership last month. Here is what it does inside an operator's workflow.

## What changes for the leasing team

When an applicant submits an application inside Leasey, the data flows into SingleKey automatically. No manual re-entry. Credit, identity, eviction history, and Canadian-specific tenant data run as part of the same workflow that captured the inquiry and booked the showing.

For TEREZ, the 154-unit lease-up in Cochrane, Alberta, this means the screening step now lives inside the leasing dashboard instead of in a separate browser tab. The team sees the verdict, the underlying data, and the next-step recommendation in one view. The lease-up cadence stays predictable.

## Why Canadian-built screening matters

A US-built screening platform doing a Canadian credit check is doing a translation. Canadian credit bureaus, ID norms, employment verification practices, and tenancy history are not 1:1 with the US system. Mid-market Canadian operators have historically duct-taped this by running a US screening tool and then manually layering Canadian context. The work is real, and the error rate compounds.

SingleKey was built Canadian-first. So is Leasey. The integration removes the translation layer.

## What this does not do

The screening verdict is not auto-applied to a decision. The Leasey screening layer (including [Discrepancy AI](/features/liza/) for inconsistency flags and biometric ID verification) is structured so the team sees the data, sees the flags, and decides. Every Fair Housing-adjacent decision has a human attached.

That structure matters for compliance teams answering to provincial tenancy boards. The audit trail tells them what the system saw, what the human did, and when.

## How it fits the Canadian-first stack

The Canadian-first posture has been the long position at Leasey.AI from the beginning. Kijiji syndication. Duuo by Co-operators for tenant insurance. Now SingleKey for screening. Each integration is selected because it is the option Canadian operators actually use.

For Canadian mid-market operators evaluating their leasing stack this year, the question to put on the table is: how many tools in your current screening flow are US-first with a Canadian configuration toggle?

## Master Canadian leasing with Leasey.AI

Leasey.AI brings the Canadian leasing funnel into one layer: Kijiji and 48+ marketplace syndication, [Liza](/features/liza/) for 24/7 inbound on phone and chat, SingleKey screening with biometric ID verification, and native eSignature. The platform runs standalone or sits on top of Yardi, Buildium, and Rent Manager.

Schedule a call with Leasey.AI to get started today and see how it can transform your leasing process: https://www.leasey.ai/get-started/"
2,7,2026-07-23,Thu,Blog-Renter,Company (renter voice),"Moving to Toronto in 2026: rents, neighbourhoods, what every newcomer should know",n/a,,,"# Moving to Toronto in 2026: rents, neighbourhoods, and what every newcomer should know

Toronto's rental market has finally cooled, but the city is still expensive enough that the difference between a smart neighbourhood pick and a wrong one is a thousand dollars a month. Here is what you need to know if you are moving here this year.

## Rent ranges (early 2026)

Median monthly rent for a one-bedroom in Toronto: approximately $2,300 to $2,600 [VERIFICAR with Rentals.ca, urbanation, and CMHC Q1 2026 reports].
Median for a two-bedroom: approximately $3,000 to $3,400 [VERIFICAR].

These are city-wide medians. East Toronto and Etobicoke trend below. Downtown and midtown trend above. Vacancy across the GTA is around 2.5 to 3% [VERIFICAR with Yardi Q1 2026], much tighter than Calgary or Edmonton. Bargaining power is still mostly with landlords, but less so than in 2023.

## Five neighbourhoods to actually consider

1. **Leslieville and Riverside.** East-end, walkable, streetcar-served, family-friendly, with rents 10 to 15% below downtown for similar quality.
2. **The Junction and Junction Triangle.** West-end, formerly industrial, now full of cafes and breweries. UP Express to Pearson runs through it.
3. **Liberty Village.** Dense, condo-heavy, walkable to downtown. Best for young professionals who do not mind sharing the sidewalk on Friday nights.
4. **St. Lawrence.** Closest to downtown for renters who want walkable transit and the historic St. Lawrence Market. Older buildings, sometimes higher utility costs.
5. **East York.** Family-oriented, leafy, served by Line 2 subway. Rents notably below downtown for two-bedrooms.

## What every newcomer underestimates

- **TTC delays.** Subway shutdowns on weekends for maintenance are routine. If you commute downtown, check the TTC service alert map before committing to a neighbourhood far from a Line 1 or Line 2 station.
- **Winter slush at intersections.** A January thaw and refreeze creates ankle-deep slush ponds at downtown crosswalks. Waterproof boots are not optional from December to March.
- **Hydro vs gas heat.** Toronto rentals vary a lot. A high-rise condo with hydro-only heat can run $250 a month in January. Ask before signing.
- **Locker, parking, gym fees.** Toronto condo buildings often list these as amenity fees separate from rent. Confirm the total before you compare two listings.

## What to ask your landlord before you sign

1. Are you covered by the Ontario Residential Tenancies Act? Most rentals are, but some sub-rentals and certain unit types are exempt.
2. What utilities are included? Hydro is the most variable.
3. Is the locker, parking spot, or balcony included or extra?
4. What is the building's pet policy?
5. What is the rent control status? (Buildings first occupied after November 15, 2018 are exempt from Ontario rent control.)

## A note on how the market answers now

Several Toronto leasing teams now use AI chat to handle inquiries after business hours, including the team that built [Leasey.AI](https://www.leasey.ai/get-started/). If you ask a question at 11pm, you may get a real conversational answer rather than a ""we will get back to you Monday."" Worth knowing if you are timing your move into a competitive Toronto neighbourhood.

Welcome to Toronto. The city in October, with the trees turning along the Don Valley, is genuinely one of the better moments in Canadian renting."
2,7,2026-07-24,Fri,LinkedIn-Founder,Juan Leal,Product moment: biometric ID verification at showings,4,,,"Biometric ID verification at showings is live in Leasey.AI.

A prospect arrives. They scan their government ID in the Leasey app. The system matches the photo to a live capture. Done in under 30 seconds. No more ""we will check your ID later.""

For operators running 80+ tours a week, the time saved compounds.

https://www.leasey.ai/get-started/

#PropTech #LeaseyAI #IDVerification"
2,7,2026-07-25,Sat,Reddit (r/LeaseyAI),Walter (changelog),Leasey.AI ID Verification - biometric check for showings and applications,4,,,"**Title:** Leasey.AI ID Verification - biometric check for showings and applications

**Body:**

Shipping ID verification to all accounts this weekend.

The flow. The prospect scans the photo page of their government ID inside the Leasey app, then takes a live capture. The system compares the two using biometric matching and returns a confidence score. The leasing team sees pass / review / fail with the score visible.

Where it triggers. Two places: at the showing (the prospect verifies before the tour starts so the agent knows who they are letting into the unit) and at the application (the application is gated until ID verification is on file).

Why we built it. Two operator pain points. The first is ""the person who showed up for the tour was not the person on the application."" The second is the time the leasing agent spends verifying ID by eye against a stretched-out phone photo. The biometric layer answers both.

Known limits. The system today supports the most common North American government-issued IDs (US driver's licenses, US state IDs, Canadian provincial driver's licenses, Canadian passports). International documents are best-effort and the score will reflect the lower confidence. The roadmap for v1.1 is expanded international document support.

Drop a comment if your team needs an ID type we are not handling well, or want a specific minimum confidence threshold for the pass/review/fail boundary."
2,8,2026-07-27,Mon,LinkedIn-Founder,Carlos Leal,Every vacancy day costs more in a soft market (TEREZ lease-up reflection),1,,,"Every day of vacancy on a 154-unit lease-up is a margin point you do not get back.

I think about this often because of TEREZ, the Cochrane lease-up our team has been supporting through Q1 and Q2. Calgary vacancy is at 7.3% per Yardi's Q1 2026 report, the highest of the major Canadian markets. Cochrane sits in that gravity field.

The math from the operator side. A unit at $1,800 a month that takes an extra 30 days to lease costs the building $60 per day. Across 20 units in motion, that is $1,200 a day. Across a full quarter of a lease-up, that is real money. And the conversation in the budget meeting is never ""we had a slow vacancy quarter."" It is ""we lost 4% on our pro forma.""

So when we talk to operators about leasing automation, the framing that lands is not ""save time."" It is ""the prospect at 11pm who never got a response is a margin point you do not get back.""

If your buildings are watching that math this quarter, schedule a call: https://www.leasey.ai/get-started/

#PropTech #LeaseyAI #Multifamily"
2,8,2026-07-28,Tue,LinkedIn-Company,Company,Time-to-lease as a margin lever: every day of vacancy is a missed margin point,1,,,"Time-to-lease is the underrated margin lever in a softening market.

Per Yardi's Q1 2026 Multifamily Report, Canadian vacancy is up at 5.1% with the prairies the most exposed. In that environment, every extra day from ""vacancy posted"" to ""lease signed"" is a margin point the operator loses on the pro forma.

The lever is not concession depth or marketing spend. Those are reactive. The lever is response speed at the inquiry, qualification of the lead before the tour, and showing follow-through. The operator who shortens that loop captures the lease the operator across the street is still chasing.

Leasey.AI is built for that loop. 48+ marketplaces syndicated in one click. Liza answers inquiries 24/7 and books tours. Confirmation links drop the no-show rate. Native eSignature closes the lease in one platform. For TEREZ in Cochrane, the loop runs without adding leasing headcount.

If your team is watching its time-to-lease number this quarter, schedule a call with our team: https://www.leasey.ai/get-started/

#PropTech #MultifamilyLeasing #LeaseyAI"
2,8,2026-07-29,Wed,Blog,Company/Juan,Rental Beast partnership: how cross-marketplace syndication actually works,3,,,"# Rental Beast partnership: how cross-marketplace syndication actually works for property managers

How many of the marketplaces your team should be on are you actually publishing to?

For the average mid-market property management operation in North America, the honest answer is fewer than half. Manual posting across the major platforms is doable. Adding Rental Beast's network of MLS-connected listing surfaces, multi-market portals, and regional MLS-fed sites pushes the workload past sustainable.

That is the gap the Rental Beast partnership inside Leasey.AI closes. Both companies announced the integration this month. Here is what it changes inside the operator workflow.

## What the Rental Beast integration adds

The 48+ marketplaces Leasey already syndicated to (Zillow, Kijiji, Facebook Marketplace, Apartments.com, Trulia, HotPads, and more) now extend with Rental Beast's MLS-connected network. That brings rental listings into the MLS-fed surfaces real estate professionals check daily.

For the operator running heavy showing volume, that surface area matters. According to Justin Rogers at The Rockingham Group, who runs more than 80 tours per week, the difference between a unit appearing on every relevant platform and missing the right one is the difference between a 7-day vacancy and a 21-day vacancy.

## The workflow change

Inside Leasey, a vacant unit publishes once. The listing flows to the existing 48+ marketplaces and through Rental Beast's network simultaneously. Inquiries land in the same centralised inbox. [Liza](/features/liza/) answers them on phone or chat 24/7. The team sees the conversation, the source, and the status in one dashboard.

The change is not ""more places to post."" It is ""one place to manage all the places to post.""

## Why this matters now

Per the 2026 Propmodo / Frontdesk Research review, integration with existing systems is the #1 PropTech adoption barrier. Operators do not want a new tool to publish to MLS-connected listings. They want their current leasing tool to do it. The Rental Beast integration delivers that, with no additional subscription on the Leasey side.

According to ShowMojo, around 70% of rental prospects search after business hours. More marketplaces multiplied by after-hours inquiries equals more leads. Liza catches those after-hours leads in any case. The Rental Beast integration grows the pool.

## What this does not do

Rental Beast inside Leasey.AI is a syndication and lead reach expansion, not a replacement for your MLS membership. Operators who want listing-side MLS participation still need that membership directly.

## Master cross-marketplace syndication with Leasey.AI

Leasey.AI brings the leasing funnel into one layer. Syndication to [48+ marketplaces](/features/marketplace-syndication/) plus Rental Beast's network. Liza on phone and chat 24/7. Smart screening. Native eSignature. The platform runs standalone or on top of Yardi, Buildium, and Rent Manager.

Schedule a call with Leasey.AI to get started today and see how it can transform your leasing process: https://www.leasey.ai/get-started/"
2,8,2026-07-30,Thu,Press-Release,Press (Walter draft + Juan quote),Leasey.AI joins Rental Beast network for cross-marketplace listing reach,3,,,"FOR IMMEDIATE RELEASE

# Leasey.AI Joins Rental Beast Network for Cross-Marketplace Listing Reach

## Integration extends Leasey.AI's syndication from 48+ marketplaces into MLS-connected rental surfaces, with single-publish workflow for property managers

NEW YORK, NY / VANCOUVER, BC, July 30, 2026. Leasey.AI, the leasing automation platform for property managers in Canada and the United States, today announced a partnership with Rental Beast, the rental network connecting MLS-fed listing surfaces across North America. The integration extends Leasey.AI's existing syndication network of 48+ marketplaces into the MLS-connected channels that real estate professionals check daily.

The announcement comes as North American rental markets reward speed and reach at the listing step. Per Yardi's Q1 2026 Multifamily Report, Canadian national vacancy is at 5.1%, with significant variation by market. Operators that publish to more listing surfaces and respond to inquiries faster lease vacant units in fewer days. The integration with Rental Beast lowers the operational cost of expanding listing reach.

For operators like The Rockingham Group, which runs more than 80 tours per week across its portfolio, the integration removes the manual step of pushing listings to MLS-fed channels separately from the operator's existing syndication workflow. A vacant unit posted in Leasey now flows to 48+ marketplaces plus Rental Beast's network in one publish action.

""Operators do not want more tools. They want the tool they already trust to reach more places,"" said Juan Leal, CEO and CPO of Leasey.AI. ""The Rental Beast partnership is the cleanest version of that: same publish step, more surfaces, no extra subscription.""

""[TO VERIFY: Rental Beast partner quote, suggested framing: MLS-connected rental listing distribution paired with Leasey's leasing automation gives property managers a single workflow from first listing to signed lease.]"" [TO VERIFY: partner name and title], Rental Beast

The integration is available to all Leasey.AI customers in the United States and Canada at no additional subscription cost.

## About Leasey.AI

Leasey.AI is an AI-powered leasing automation platform for property managers in Canada and the United States. The platform combines listing syndication to 48+ marketplaces, Liza (a 24/7 AI leasing agent on phone and chat), automated showing coordination, tenant screening, and native lease signature. Founded in 2023 by brothers Juan and Carlos Leal and operated by Silver Homes Technology Inc., Leasey.AI is backed by DMZ Ventures and headquartered in Canada, with offices in New York, Vancouver, and Toronto. Learn more at https://www.leasey.ai.

## About Rental Beast

[TO VERIFY: official Rental Beast boilerplate. Placeholder: Rental Beast is a rental real estate platform that connects MLS-fed rental listings to property managers, landlords, and real estate professionals across North America.]

## Media Contact

[TO VERIFY: official press contact]
press@leasey.ai

###"
2,8,2026-07-31,Fri,LinkedIn-Founder,Juan Leal,Syndication to 48+ marketplaces with one click,3,,,"Listings publish to 48+ marketplaces with one click inside Leasey.AI.

This week we added Rental Beast's MLS-connected network on top. Same publish action, more surfaces.

Operators like Apartment Hub get reach without adding work.

https://www.leasey.ai/get-started/

#PropTech #LeaseyAI #Multifamily"
2,8,2026-07-31,Fri,Reddit (r/LeaseyAI),Walter (changelog),"Leasey.AI Showing Confirmation Dashboard - SMS-to-link workflow, anti no-show",1,,,"**Title:** Leasey.AI Showing Confirmation Dashboard - SMS-to-link workflow, anti no-show

**Body:**

Showing Confirmation Dashboard is live for all accounts.

How it works. When a showing is booked, the prospect gets an SMS with a confirmation link. The link opens a one-tap page where the prospect confirms, reschedules, or cancels. The dashboard shows the confirmed list to the team in real time, ordered by tour time, with last-minute changes highlighted.

What it solves. The no-show problem. For operators we work with, the no-show rate on unconfirmed tours has historically been around 25 to 40%. The confirmation link drops that rate measurably in early data, though we want a full quarter of numbers before we publish a hard figure.

Known limits. SMS rates are negotiable per region. Canadian carrier SMS pricing is slightly higher than US (a few cents per message). For accounts running heavy weekly tour volume, the cost adds up. We surface it transparently in billing. v1.1 will add a free email-only fallback if your team prefers it for budget reasons.

Drop a comment if you want a specific carrier supported or want to share your team's no-show baseline before vs after."
