ID,Month,Week,Date,Day,Channel,Voice,Working Title,Pillar,Source,Anchor Client,Status,Draft File,Approver,Approval Date,Notes
M1-001,1,1,2026-06-08,Mon,LinkedIn-Founder,Carlos Leal,"Vacancy up in Canada: the lever you control is leasing speed",1,Signal N1 (Yardi Q1 2026),TEREZ,DRAFT,output/2026-06-08/linkedin-carlos-vacancia-mercado-canadiense.md,Carlos Leal,,Pending Carlos sign-off
M1-002,1,1,2026-06-09,Tue,LinkedIn-Company,Company,"Calgary at 7.3% vacancy: what changes inside the leasing team",1,Signal N1 (Yardi Q1 2026),TEREZ,DRAFT,output/2026-06-17/m1-extra/linkedin-company-calgary-vacancy.md,Walter,,Institutional version of Mon Carlos angle
M1-003,1,1,2026-06-10,Wed,Blog,Company/Carlos,"What to do when vacancy rises and rents fall: the lever you do control",1,Signal N1 (Yardi Q1 2026),TEREZ,DRAFT,output/2026-06-17/m1-extra/blog-leasing-speed-cooling-market.md,Walter,,
M1-004,1,1,2026-06-10,Wed,Image-Brief,Walter (art direction),"Hero: 5.1% Canada vacancy + Calgary 7.3% (Source: Yardi Q1 2026)",1,Signal N1 (Yardi Q1 2026),n/a,DRAFT,output/2026-06-17/m1-extra/image-brief-w1-vacancy-hero.md,Walter,,Asset for M1-003 + reusable for LI variants
M1-005,1,1,2026-06-11,Thu,LinkedIn-Company,Company,"Operators are consolidating to centralised leasing teams",1,Onboarding guide + industry,n/a,DRAFT,output/2026-06-17/m1-extra/linkedin-company-centralised-leasing-teams.md,Walter,,
M1-006,1,1,2026-06-12,Fri,LinkedIn-Founder,Carlos Leal,"Founder reflection: building for a cooling market",1,Signal N1 (Yardi Q1 2026),TEREZ,DRAFT,output/2026-06-08/linkedin-carlos-construir-mercado-frio.md,Carlos Leal,,Pending Carlos sign-off
M1-007,1,2,2026-06-15,Mon,LinkedIn-Founder,Juan Leal,"80% of what a prospect asks before booking a tour is predictable",2,Signal N3 (Propmodo Mar 2026),Goldwynn,QA-OK,output/2026-06-17/linkedin-juan-liza-80-percent-predictable.md,Juan Leal,,Drafted today; resolves duplicate of Jun 8 file
M1-008,1,2,2026-06-16,Tue,LinkedIn-Company,Company,"94% of operators adopt AI in 2026 (Frontdesk Research)",2,Signal N5 (Frontdesk 2026),n/a,DRAFT,output/2026-06-17/m1-extra/linkedin-company-94-percent-ai-adoption.md,Walter,,Industry milestone
M1-009,1,2,2026-06-17,Wed,Blog,Company/Juan,"Direct Facebook Marketplace syndication: stop posting one listing at a time",3,Backlog (FB Marketplace launch),Apartment Hub,QA-OK,output/2026-06-17/blog-facebook-marketplace-direct-syndication.md,Walter,,Repressed backlog launch
M1-010,1,2,2026-06-17,Wed,Image-Brief,Walter (art direction),"Hero + LinkedIn carousel: FB syndication (after-hours data hero)",3,Backlog,Apartment Hub,DRAFT,output/2026-06-17/m1-extra/image-brief-w2-fb-marketplace.md,Walter,,Asset for M1-009
M1-011,1,2,2026-06-18,Thu,LinkedIn-Company,Company,"70% of rental prospects search after hours: why that matters for Facebook Marketplace",3,Industry (ShowMojo),Apartment Hub,DRAFT,output/2026-06-17/m1-extra/linkedin-company-after-hours-search.md,Walter,,Cross-promotes M1-009 blog
M1-012,1,2,2026-06-19,Fri,Reddit-Ext (r/RealEstateTechnology),Juan Leal,"I built direct Facebook Marketplace syndication for property managers (Leasey.AI founder)",3,Backlog (FB Marketplace),Apartment Hub,DRAFT,output/2026-06-17/m1-extra/reddit-retech-fb-marketplace-syndication.md,Juan Leal,,Validate Juan has prior karma in the sub before posting
M1-013,1,2,2026-06-19,Fri,LinkedIn-Founder,Carlos Leal,"Handle Facebook Marketplace volume without opening Facebook",3,Backlog (FB Marketplace),Apartment Hub,QA-OK,output/2026-06-17/linkedin-carlos-facebook-marketplace-quieter-way.md,Carlos Leal,,
M1-014,1,3,2026-06-22,Mon,LinkedIn-Founder,Juan Leal,"A chat widget is not a leasing agent",2,Signal N2 + N5,(product-led),QA-OK,output/2026-06-17/linkedin-juan-widget-vs-agent.md,Juan Leal,,
M1-015,1,3,2026-06-23,Tue,LinkedIn-Company,Company,"Integration is the #1 adoption barrier in multifamily PropTech (Propmodo 2026)",3,Signal N6 (Propmodo 2026),Three Shores,DRAFT,output/2026-06-17/m1-extra/linkedin-company-integration-barrier.md,Walter,,
M1-016,1,3,2026-06-24,Wed,Blog,Company/Juan,"Scheduling alone vs end-to-end leasing: where the leaks really happen",3,Signal N2 + N6,Three Shores,QA-OK,output/2026-06-17/blog-scheduling-vs-end-to-end-leasing.md,Walter,,Verify if Walter wants ShowMojo named
M1-017,1,3,2026-06-24,Wed,Image-Brief,Walter (art direction),"Funnel diagram: scheduling-only tool vs Leasey end-to-end (4 segments)",3,Signal N2 + N6,Three Shores,DRAFT,output/2026-06-17/m1-extra/image-brief-w3-funnel-diagram.md,Walter,,Asset for M1-016
M1-018,1,3,2026-06-25,Thu,Blog-Renter,Company (renter voice),"Moving to Calgary in 2026: rents, neighbourhoods, what every newcomer should know",n/a,Evergreen / B2C,n/a,DRAFT,output/2026-06-17/m1-extra/blog-renter-moving-to-calgary.md,Walter,,Confirm with Alejandra (SEO) + verify rent ranges
M1-019,1,3,2026-06-26,Fri,LinkedIn-Founder,Carlos Leal,"Founder reflection: why we did not build just a scheduler",3,Signal N2 + N6,Three Shores + QuadReal/Aquilini past,QA-OK,output/2026-06-17/linkedin-carlos-founder-reflection-not-just-scheduler.md,Carlos Leal,,
M1-020,1,4,2026-06-29,Mon,LinkedIn-Founder,Carlos Leal,"65% of residents prefer digital leasing (industry signal)",2,Signal N3 (Propmodo Mar 2026),Goldwynn,DRAFT,output/2026-06-17/m1-extra/linkedin-carlos-65-percent-digital.md,Carlos Leal,,
M1-021,1,4,2026-06-30,Tue,Press-Release,Press (Walter draft + Juan quote),"Leasey.AI integrates SingleKey for Canadian tenant screening",4,Backlog (Partnership),TEREZ,DRAFT,output/2026-06-17/m1-extra/pr-singlekey-partnership.md,Walter + Juan quote,,Confirm partnership ready + partner quote
M1-022,1,4,2026-07-01,Wed,Blog,Company/Juan,"Centralised messaging: every lead conversation in one thread (backlog launch)",3,Backlog (Centralised messaging),Three Shores,DRAFT,output/2026-06-17/m1-extra/blog-centralised-messaging-launch.md,Walter,,Repressed backlog launch
M1-023,1,4,2026-07-01,Wed,Image-Brief,Walter (art direction),"Hero: unified inbox mock with Marketplace + Zillow + email lead tags",3,Backlog,Three Shores,DRAFT,output/2026-06-17/m1-extra/image-brief-w4-unified-inbox.md,Walter,,Asset for M1-022
M1-024,1,4,2026-07-02,Thu,LinkedIn-Company,Company,"SingleKey is live inside Leasey.AI for Canadian operators",4,Backlog (Partnership),TEREZ,DRAFT,output/2026-06-17/m1-extra/linkedin-company-singlekey-live.md,Walter,,Companion to M1-021 PR
M1-025,1,4,2026-07-02,Thu,Reddit (r/LeaseyAI),Walter (changelog),"Leasey.AI Calendar View v2.0 - split layout and overlap tooltips",n/a,Reddit backlog (Ivan draft),n/a,DRAFT,output/2026-06-17/m1-extra/reddit-leaseyai-calendar-v2.md,Walter,,Use Ivan draft if exists
M1-026,1,4,2026-07-03,Fri,LinkedIn-Founder,Juan Leal,"Product moment: the whole lead conversation in one thread",3,Backlog (Centralised messaging),Three Shores,DRAFT,output/2026-06-17/m1-extra/linkedin-juan-centralised-messaging-product.md,Juan Leal,,
M2-001,2,5,2026-07-06,Mon,LinkedIn-Founder,Carlos Leal,"The hidden legal risk of AI in leasing: Fair Housing",5,Signal N4 (Multifamily Dive / Law360 2026),Carlos's QuadReal/Aquilini institutional context,DRAFT,output/2026-06-17/m2/linkedin-carlos-fair-housing-risk.md,Carlos Leal,,Pillar 5 anchor week
M2-002,2,5,2026-07-07,Tue,LinkedIn-Company,Company,"DOJ vs RealPage adds Greystar as co-defendant (2025): what enterprise vendors should now own",5,Signal N4,n/a,DRAFT,output/2026-06-17/m2/linkedin-company-doj-realpage-greystar.md,Walter,,
M2-003,2,5,2026-07-08,Wed,Blog,Company/Carlos,"AI in leasing and Fair Housing: what to demand from your vendor before going live",5,Signal N4,Carlos's institutional context,DRAFT,output/2026-06-17/m2/blog-fair-housing-vendor-checklist.md,Walter,,Link to leasey.ai/resources/research
M2-004,2,5,2026-07-08,Wed,Image-Brief,Walter (art direction),"Hero: Fair Housing checklist for AI leasing vendors (3 columns: Ask Verify Document)",5,Signal N4,n/a,DRAFT,output/2026-06-17/m2/image-brief-fair-housing-checklist.md,Walter,,Asset for M2-003
M2-005,2,5,2026-07-09,Thu,LinkedIn-Company,Company,"Most AI vendor contracts put the compliance burden on the property manager. Read yours.",5,Signal N4,n/a,DRAFT,output/2026-06-17/m2/linkedin-company-vendor-contracts-compliance.md,Walter,,
M2-006,2,5,2026-07-10,Fri,LinkedIn-Founder,Juan Leal,"Discrepancy AI: catch inconsistencies without denying opportunities",5,Backlog (Discrepancy AI),(product-led),DRAFT,output/2026-06-17/m2/linkedin-juan-discrepancy-ai.md,Juan Leal,,Setup for W6 deep dive
M2-007,2,6,2026-07-13,Mon,LinkedIn-Founder,Juan Leal,"You do not need to switch PMS to automate your leasing",3,Signal N6 (Frontdesk / Propmodo 2026),Goldwynn,DRAFT,output/2026-06-17/m2/linkedin-juan-no-pms-switch.md,Juan Leal,,
M2-008,2,6,2026-07-14,Tue,LinkedIn-Company,Company,"Integration over replacement: why the next PropTech winners sit on top of the PMS",3,Signal N6,Three Shores,DRAFT,output/2026-06-17/m2/linkedin-company-integration-over-replacement.md,Walter,,
M2-009,2,6,2026-07-15,Wed,Blog,Company/Juan,"Discrepancy AI: how Leasey flags fraud and inconsistencies in rental applications",5,Backlog (Discrepancy AI launch),Diego Mendoza / Century21,DRAFT,output/2026-06-17/m2/blog-discrepancy-ai-deep-dive.md,Walter,,
M2-010,2,6,2026-07-15,Wed,Image-Brief,Walter (art direction),"Hero: discrepancy flag mock (income mismatch flagged for human review)",5,Backlog,n/a,DRAFT,output/2026-06-17/m2/image-brief-discrepancy-flag.md,Walter,,Asset for M2-009
M2-011,2,6,2026-07-16,Thu,Reddit (r/LeaseyAI),Walter (changelog),"Leasey.AI Discrepancy AI - inconsistency detection in screening, flags only, no auto-denial",5,Backlog,n/a,DRAFT,output/2026-06-17/m2/reddit-leaseyai-discrepancy-ai.md,Walter,,Changelog format Variant A
M2-012,2,6,2026-07-17,Fri,LinkedIn-Founder,Carlos Leal,"Founder reflection: integrate on top of the PMS, do not fight it",3,Signal N6,Goldwynn,DRAFT,output/2026-06-17/m2/linkedin-carlos-integrate-not-fight.md,Carlos Leal,,
M2-013,2,7,2026-07-20,Mon,LinkedIn-Founder,Carlos Leal,"Canadian leasing needs a stack built for Canada",4,Signal C2 (Canadian dynamic) + N1,TEREZ,DRAFT,output/2026-06-17/m2/linkedin-carlos-canadian-stack.md,Carlos Leal,,
M2-014,2,7,2026-07-21,Tue,LinkedIn-Company,Company,"The Canadian leasing stack is consolidating: SingleKey, Kijiji, Duuo, and Leasey.AI",4,Backlog + market,TEREZ,DRAFT,output/2026-06-17/m2/linkedin-company-canadian-stack.md,Walter,,
M2-015,2,7,2026-07-22,Wed,Blog,Company/Juan,"SingleKey integration: Canadian tenant screening inside the leasing funnel",4,Backlog (SingleKey),TEREZ,DRAFT,output/2026-06-17/m2/blog-singlekey-deep-dive.md,Walter,,Follow-up to M1-021 PR
M2-016,2,7,2026-07-22,Wed,Image-Brief,Walter (art direction),"Hero: SingleKey + Leasey side-by-side screening flow (3 step diagram)",4,Backlog,TEREZ,DRAFT,output/2026-06-17/m2/image-brief-singlekey-flow.md,Walter,,Asset for M2-015
M2-017,2,7,2026-07-23,Thu,Blog-Renter,Company (renter voice),"Moving to Toronto in 2026: rents, neighbourhoods, what every newcomer should know",n/a,Evergreen / B2C,n/a,DRAFT,output/2026-06-17/m2/blog-renter-moving-to-toronto.md,Walter,,Confirm with Alejandra (SEO) + verify rent ranges
M2-018,2,7,2026-07-24,Fri,LinkedIn-Founder,Juan Leal,"Product moment: biometric ID verification at showings",4,Backlog (ID verification),(product-led),DRAFT,output/2026-06-17/m2/linkedin-juan-id-verification.md,Juan Leal,,Setup for Sat Reddit
M2-019,2,7,2026-07-25,Sat,Reddit (r/LeaseyAI),Walter (changelog),"Leasey.AI ID Verification - biometric check for showings and applications",4,Backlog,n/a,DRAFT,output/2026-06-17/m2/reddit-leaseyai-id-verification.md,Walter,,Changelog format Variant A
M2-020,2,8,2026-07-27,Mon,LinkedIn-Founder,Carlos Leal,"Every vacancy day costs more in a soft market (TEREZ lease-up reflection)",1,Signal N1 + client,TEREZ,DRAFT,output/2026-06-17/m2/linkedin-carlos-vacancy-day-costs.md,Carlos Leal,,
M2-021,2,8,2026-07-28,Tue,LinkedIn-Company,Company,"Time-to-lease as a margin lever: every day of vacancy is a missed margin point",1,Signal N1,TEREZ,DRAFT,output/2026-06-17/m2/linkedin-company-time-to-lease-margin.md,Walter,,
M2-022,2,8,2026-07-29,Wed,Blog,Company/Juan,"Rental Beast partnership: how cross-marketplace syndication actually works",3,Backlog (Rental Beast),Justin Rogers / Rockingham,DRAFT,output/2026-06-17/m2/blog-rental-beast-partnership.md,Walter,,
M2-023,2,8,2026-07-29,Wed,Image-Brief,Walter (art direction),"Hero: marketplace coverage map showing Leasey + Rental Beast network reach",3,Backlog,n/a,DRAFT,output/2026-06-17/m2/image-brief-rental-beast-coverage.md,Walter,,Asset for M2-022
M2-024,2,8,2026-07-30,Thu,Press-Release,Press (Walter draft + Juan quote),"Leasey.AI joins Rental Beast network for cross-marketplace listing reach",3,Backlog (Partnership),Justin Rogers / Rockingham,DRAFT,output/2026-06-17/m2/pr-rental-beast-partnership.md,Walter + Juan quote,,Confirm partner quote
M2-025,2,8,2026-07-31,Fri,LinkedIn-Founder,Juan Leal,"Syndication to 48+ marketplaces with one click",3,Product + Backlog,Apartment Hub,DRAFT,output/2026-06-17/m2/linkedin-juan-48-marketplaces.md,Juan Leal,,
M2-026,2,8,2026-07-31,Fri,Reddit (r/LeaseyAI),Walter (changelog),"Leasey.AI Showing Confirmation Dashboard - SMS-to-link workflow, anti no-show",1,Backlog (Reddit Ivan draft),n/a,DRAFT,output/2026-06-17/m2/reddit-leaseyai-showing-confirmation.md,Walter,,Changelog format Variant A
